Count,Date
13,2007-01-01
28,2007-01-02
21,2007-01-03
26,2007-01-04
29,2007-01-05
33,2007-01-06
33,2007-01-07
24,2007-01-08
25,2007-01-09
35,2007-01-10
29,2007-01-11
32,2007-01-12
31,2007-01-13
27,2007-01-14
46,2007-01-15
26,2007-01-16
35,2007-01-17
27,2007-01-18
41,2007-01-19
26,2007-01-20
38,2007-01-21
33,2007-01-22
27,2007-01-23
37,2007-01-24
27,2007-01-25
32,2007-01-26
29,2007-01-27
26,2007-01-28
25,2007-01-29
40,2007-01-30
38,2007-01-31
32,2007-02-01
22,2007-02-02
33,2007-02-03
26,2007-02-04
31,2007-02-05
26,2007-02-06
29,2007-02-07
29,2007-02-08
32,2007-02-09
29,2007-02-10
26,2007-02-11
22,2007-02-12
27,2007-02-13
36,2007-02-14
35,2007-02-15
31,2007-02-16
22,2007-02-17
19,2007-02-18
29,2007-02-19
25,2007-02-20
38,2007-02-21
29,2007-02-22
32,2007-02-23
37,2007-02-24
21,2007-02-25
25,2007-02-26
32,2007-02-27
30,2007-02-28
32,2007-03-01
24,2007-03-02
33,2007-03-03
29,2007-03-04
31,2007-03-05
26,2007-03-06
44,2007-03-07
39,2007-03-08
31,2007-03-09
20,2007-03-10
34,2007-03-11
31,2007-03-12
31,2007-03-13
22,2007-03-14
34,2007-03-15
19,2007-03-16
33,2007-03-17
32,2007-03-18
26,2007-03-19
32,2007-03-20
36,2007-03-21
30,2007-03-22
26,2007-03-23
42,2007-03-24
26,2007-03-25
26,2007-03-26
33,2007-03-27
45,2007-03-28
32,2007-03-29
41,2007-03-30
26,2007-03-31
39,2007-04-01
29,2007-04-02
24,2007-04-03
30,2007-04-04
29,2007-04-05
19,2007-04-06
17,2007-04-07
17,2007-04-08
26,2007-04-09
24,2007-04-10
42,2007-04-11
34,2007-04-12
29,2007-04-13
29,2007-04-14
43,2007-04-15
26,2007-04-16
31,2007-04-17
42,2007-04-18
37,2007-04-19
25,2007-04-20
21,2007-04-21
35,2007-04-22
36,2007-04-23
18,2007-04-24
17,2007-04-25
26,2007-04-26
27,2007-04-27
30,2007-04-28
26,2007-04-29
27,2007-04-30
18,2007-05-01
29,2007-05-02
42,2007-05-03
24,2007-05-04
25,2007-05-05
27,2007-05-06
30,2007-05-07
31,2007-05-08
46,2007-05-09
26,2007-05-10
31,2007-05-11
26,2007-05-12
45,2007-05-13
31,2007-05-14
26,2007-05-15
39,2007-05-16
20,2007-05-17
26,2007-05-18
22,2007-05-19
29,2007-05-20
29,2007-05-21
34,2007-05-22
38,2007-05-23
40,2007-05-24
29,2007-05-25
32,2007-05-26
37,2007-05-27
31,2007-05-28
34,2007-05-29
38,2007-05-30
33,2007-05-31
38,2007-06-01
31,2007-06-02
39,2007-06-03
31,2007-06-04
26,2007-06-05
46,2007-06-06
34,2007-06-07
30,2007-06-08
22,2007-06-09
21,2007-06-10
31,2007-06-11
33,2007-06-12
29,2007-06-13
12,2007-06-14
38,2007-06-15
28,2007-06-16
26,2007-06-17
28,2007-06-18
44,2007-06-19
31,2007-06-20
36,2007-06-21
40,2007-06-22
22,2007-06-23
19,2007-06-24
29,2007-06-25
28,2007-06-26
36,2007-06-27
32,2007-06-28
34,2007-06-29
25,2007-06-30
28,2007-07-01
31,2007-07-02
34,2007-07-03
38,2007-07-04
51,2007-07-05
41,2007-07-06
35,2007-07-07
29,2007-07-08
23,2007-07-09
33,2007-07-10
34,2007-07-11
34,2007-07-12
27,2007-07-13
28,2007-07-14
25,2007-07-15
24,2007-07-16
43,2007-07-17
37,2007-07-18
38,2007-07-19
30,2007-07-20
20,2007-07-21
20,2007-07-22
24,2007-07-23
40,2007-07-24
35,2007-07-25
49,2007-07-26
29,2007-07-27
34,2007-07-28
36,2007-07-29
39,2007-07-30
34,2007-07-31
31,2007-08-01
34,2007-08-02
45,2007-08-03
32,2007-08-04
37,2007-08-05
29,2007-08-06
39,2007-08-07
33,2007-08-08
36,2007-08-09
27,2007-08-10
22,2007-08-11
36,2007-08-12
31,2007-08-13
35,2007-08-14
45,2007-08-15
43,2007-08-16
33,2007-08-17
41,2007-08-18
44,2007-08-19
30,2007-08-20
34,2007-08-21
35,2007-08-22
34,2007-08-23
28,2007-08-24
32,2007-08-25
37,2007-08-26
40,2007-08-27
34,2007-08-28
39,2007-08-29
50,2007-08-30
43,2007-08-31
36,2007-09-01
36,2007-09-02
31,2007-09-03
26,2007-09-04
37,2007-09-05
36,2007-09-06
40,2007-09-07
36,2007-09-08
30,2007-09-09
31,2007-09-10
37,2007-09-11
30,2007-09-12
36,2007-09-13
40,2007-09-14
44,2007-09-15
49,2007-09-16
29,2007-09-17
31,2007-09-18
30,2007-09-19
41,2007-09-20
26,2007-09-21
38,2007-09-22
46,2007-09-23
27,2007-09-24
29,2007-09-25
35,2007-09-26
33,2007-09-27
39,2007-09-28
36,2007-09-29
38,2007-09-30
30,2007-10-01
31,2007-10-02
38,2007-10-03
35,2007-10-04
39,2007-10-05
33,2007-10-06
55,2007-10-07
43,2007-10-08
37,2007-10-09
32,2007-10-10
33,2007-10-11
30,2007-10-12
37,2007-10-13
33,2007-10-14
22,2007-10-15
25,2007-10-16
45,2007-10-17
45,2007-10-18
29,2007-10-19
32,2007-10-20
38,2007-10-21
28,2007-10-22
35,2007-10-23
39,2007-10-24
46,2007-10-25
43,2007-10-26
30,2007-10-27
39,2007-10-28
34,2007-10-29
27,2007-10-30
36,2007-10-31
42,2007-11-01
32,2007-11-02
35,2007-11-03
39,2007-11-04
30,2007-11-05
30,2007-11-06
38,2007-11-07
47,2007-11-08
33,2007-11-09
33,2007-11-10
40,2007-11-11
31,2007-11-12
28,2007-11-13
34,2007-11-14
33,2007-11-15
30,2007-11-16
39,2007-11-17
25,2007-11-18
39,2007-11-19
29,2007-11-20
49,2007-11-21
45,2007-11-22
44,2007-11-23
27,2007-11-24
50,2007-11-25
35,2007-11-26
36,2007-11-27
40,2007-11-28
49,2007-11-29
28,2007-11-30
25,2007-12-01
39,2007-12-02
33,2007-12-03
25,2007-12-04
39,2007-12-05
32,2007-12-06
40,2007-12-07
34,2007-12-08
26,2007-12-09
31,2007-12-10
41,2007-12-11
30,2007-12-12
34,2007-12-13
30,2007-12-14
30,2007-12-15
29,2007-12-16
32,2007-12-17
28,2007-12-18
40,2007-12-19
43,2007-12-20
40,2007-12-21
18,2007-12-22
10,2007-12-23
0,2007-12-24
1,2007-12-25
23,2007-12-26
29,2007-12-27
33,2007-12-28
23,2007-12-29
24,2007-12-30
14,2007-12-31
95,2008-01-01
289,2008-01-02
306,2008-01-03
306,2008-01-04
173,2008-01-05
181,2008-01-06
276,2008-01-07
301,2008-01-08
267,2008-01-09
301,2008-01-10
292,2008-01-11
143,2008-01-12
153,2008-01-13
315,2008-01-14
346,2008-01-15
324,2008-01-16
320,2008-01-17
311,2008-01-18
145,2008-01-19
168,2008-01-20
275,2008-01-21
336,2008-01-22
357,2008-01-23
327,2008-01-24
320,2008-01-25
152,2008-01-26
165,2008-01-27
307,2008-01-28
328,2008-01-29
317,2008-01-30
307,2008-01-31
311,2008-02-01
167,2008-02-02
156,2008-02-03
273,2008-02-04
303,2008-02-05
356,2008-02-06
292,2008-02-07
303,2008-02-08
141,2008-02-09
140,2008-02-10
267,2008-02-11
288,2008-02-12
328,2008-02-13
309,2008-02-14
294,2008-02-15
150,2008-02-16
161,2008-02-17
261,2008-02-18
269,2008-02-19
287,2008-02-20
318,2008-02-21
275,2008-02-22
143,2008-02-23
153,2008-02-24
282,2008-02-25
280,2008-02-26
305,2008-02-27
320,2008-02-28
262,2008-02-29
123,2008-03-01
142,2008-03-02
263,2008-03-03
259,2008-03-04
309,2008-03-05
329,2008-03-06
260,2008-03-07
191,2008-03-08
152,2008-03-09
266,2008-03-10
309,2008-03-11
298,2008-03-12
268,2008-03-13
265,2008-03-14
131,2008-03-15
169,2008-03-16
274,2008-03-17
306,2008-03-18
257,2008-03-19
141,2008-03-20
101,2008-03-21
154,2008-03-22
161,2008-03-23
153,2008-03-24
253,2008-03-25
320,2008-03-26
310,2008-03-27
292,2008-03-28
164,2008-03-29
149,2008-03-30
278,2008-03-31
297,2008-04-01
302,2008-04-02
265,2008-04-03
296,2008-04-04
162,2008-04-05
184,2008-04-06
271,2008-04-07
328,2008-04-08
324,2008-04-09
328,2008-04-10
289,2008-04-11
157,2008-04-12
178,2008-04-13
318,2008-04-14
306,2008-04-15
297,2008-04-16
272,2008-04-17
132,2008-04-18
133,2008-04-19
178,2008-04-20
302,2008-04-21
304,2008-04-22
307,2008-04-23
304,2008-04-24
252,2008-04-25
159,2008-04-26
181,2008-04-27
272,2008-04-28
344,2008-04-29
296,2008-04-30
170,2008-05-01
301,2008-05-02
138,2008-05-03
179,2008-05-04
252,2008-05-05
314,2008-05-06
305,2008-05-07
321,2008-05-08
293,2008-05-09
158,2008-05-10
147,2008-05-11
148,2008-05-12
303,2008-05-13
299,2008-05-14
342,2008-05-15
276,2008-05-16
133,2008-05-17
167,2008-05-18
282,2008-05-19
328,2008-05-20
328,2008-05-21
320,2008-05-22
299,2008-05-23
174,2008-05-24
146,2008-05-25
281,2008-05-26
283,2008-05-27
313,2008-05-28
342,2008-05-29
318,2008-05-30
136,2008-05-31
180,2008-06-01
274,2008-06-02
334,2008-06-03
308,2008-06-04
223,2008-06-05
272,2008-06-06
132,2008-06-07
135,2008-06-08
283,2008-06-09
299,2008-06-10
285,2008-06-11
277,2008-06-12
243,2008-06-13
140,2008-06-14
127,2008-06-15
290,2008-06-16
307,2008-06-17
293,2008-06-18
279,2008-06-19
287,2008-06-20
129,2008-06-21
110,2008-06-22
271,2008-06-23
279,2008-06-24
289,2008-06-25
300,2008-06-26
299,2008-06-27
139,2008-06-28
130,2008-06-29
269,2008-06-30
280,2008-07-01
270,2008-07-02
246,2008-07-03
294,2008-07-04
149,2008-07-05
120,2008-07-06
234,2008-07-07
246,2008-07-08
245,2008-07-09
269,2008-07-10
258,2008-07-11
129,2008-07-12
134,2008-07-13
241,2008-07-14
259,2008-07-15
250,2008-07-16
230,2008-07-17
267,2008-07-18
135,2008-07-19
145,2008-07-20
221,2008-07-21
252,2008-07-22
243,2008-07-23
261,2008-07-24
226,2008-07-25
131,2008-07-26
135,2008-07-27
238,2008-07-28
271,2008-07-29
277,2008-07-30
278,2008-07-31
241,2008-08-01
147,2008-08-02
150,2008-08-03
252,2008-08-04
266,2008-08-05
247,2008-08-06
274,2008-08-07
231,2008-08-08
150,2008-08-09
130,2008-08-10
267,2008-08-11
259,2008-08-12
290,2008-08-13
273,2008-08-14
271,2008-08-15
143,2008-08-16
145,2008-08-17
255,2008-08-18
274,2008-08-19
290,2008-08-20
263,2008-08-21
276,2008-08-22
140,2008-08-23
144,2008-08-24
259,2008-08-25
272,2008-08-26
267,2008-08-27
297,2008-08-28
266,2008-08-29
171,2008-08-30
166,2008-08-31
246,2008-09-01
292,2008-09-02
287,2008-09-03
290,2008-09-04
285,2008-09-05
158,2008-09-06
149,2008-09-07
286,2008-09-08
277,2008-09-09
324,2008-09-10
300,2008-09-11
316,2008-09-12
163,2008-09-13
154,2008-09-14
292,2008-09-15
304,2008-09-16
279,2008-09-17
311,2008-09-18
297,2008-09-19
174,2008-09-20
185,2008-09-21
297,2008-09-22
274,2008-09-23
333,2008-09-24
240,2008-09-25
303,2008-09-26
168,2008-09-27
153,2008-09-28
296,2008-09-29
325,2008-09-30
322,2008-10-01
293,2008-10-02
267,2008-10-03
165,2008-10-04
195,2008-10-05
278,2008-10-06
301,2008-10-07
333,2008-10-08
327,2008-10-09
292,2008-10-10
134,2008-10-11
127,2008-10-12
237,2008-10-13
275,2008-10-14
323,2008-10-15
290,2008-10-16
243,2008-10-17
157,2008-10-18
132,2008-10-19
272,2008-10-20
292,2008-10-21
332,2008-10-22
322,2008-10-23
317,2008-10-24
166,2008-10-25
186,2008-10-26
285,2008-10-27
282,2008-10-28
311,2008-10-29
315,2008-10-30
270,2008-10-31
167,2008-11-01
161,2008-11-02
306,2008-11-03
307,2008-11-04
303,2008-11-05
299,2008-11-06
269,2008-11-07
129,2008-11-08
155,2008-11-09
294,2008-11-10
302,2008-11-11
300,2008-11-12
301,2008-11-13
286,2008-11-14
149,2008-11-15
161,2008-11-16
260,2008-11-17
269,2008-11-18
305,2008-11-19
312,2008-11-20
255,2008-11-21
180,2008-11-22
135,2008-11-23
275,2008-11-24
310,2008-11-25
299,2008-11-26
322,2008-11-27
281,2008-11-28
121,2008-11-29
140,2008-11-30
285,2008-12-01
313,2008-12-02
320,2008-12-03
309,2008-12-04
298,2008-12-05
162,2008-12-06
177,2008-12-07
314,2008-12-08
312,2008-12-09
298,2008-12-10
304,2008-12-11
299,2008-12-12
160,2008-12-13
163,2008-12-14
305,2008-12-15
312,2008-12-16
340,2008-12-17
306,2008-12-18
301,2008-12-19
149,2008-12-20
117,2008-12-21
304,2008-12-22
271,2008-12-23
105,2008-12-24
47,2008-12-25
110,2008-12-26
140,2008-12-27
135,2008-12-28
273,2008-12-29
246,2008-12-30
144,2008-12-31
109,2009-01-01
234,2009-01-02
132,2009-01-03
148,2009-01-04
282,2009-01-05
301,2009-01-06
308,2009-01-07
319,2009-01-08
319,2009-01-09
165,2009-01-10
143,2009-01-11
276,2009-01-12
293,2009-01-13
275,2009-01-14
283,2009-01-15
304,2009-01-16
175,2009-01-17
133,2009-01-18
308,2009-01-19
318,2009-01-20
291,2009-01-21
295,2009-01-22
271,2009-01-23
155,2009-01-24
159,2009-01-25
322,2009-01-26
295,2009-01-27
318,2009-01-28
308,2009-01-29
299,2009-01-30
141,2009-01-31
143,2009-02-01
291,2009-02-02
319,2009-02-03
329,2009-02-04
300,2009-02-05
276,2009-02-06
149,2009-02-07
144,2009-02-08
251,2009-02-09
294,2009-02-10
306,2009-02-11
300,2009-02-12
284,2009-02-13
177,2009-02-14
162,2009-02-15
277,2009-02-16
317,2009-02-17
322,2009-02-18
312,2009-02-19
289,2009-02-20
155,2009-02-21
144,2009-02-22
249,2009-02-23
293,2009-02-24
269,2009-02-25
309,2009-02-26
276,2009-02-27
151,2009-02-28
175,2009-03-01
256,2009-03-02
294,2009-03-03
289,2009-03-04
342,2009-03-05
295,2009-03-06
177,2009-03-07
183,2009-03-08
292,2009-03-09
301,2009-03-10
318,2009-03-11
302,2009-03-12
283,2009-03-13
133,2009-03-14
172,2009-03-15
300,2009-03-16
296,2009-03-17
312,2009-03-18
305,2009-03-19
265,2009-03-20
146,2009-03-21
173,2009-03-22
310,2009-03-23
316,2009-03-24
280,2009-03-25
310,2009-03-26
317,2009-03-27
159,2009-03-28
145,2009-03-29
274,2009-03-30
329,2009-03-31
301,2009-04-01
289,2009-04-02
295,2009-04-03
146,2009-04-04
158,2009-04-05
279,2009-04-06
263,2009-04-07
267,2009-04-08
153,2009-04-09
131,2009-04-10
145,2009-04-11
129,2009-04-12
148,2009-04-13
287,2009-04-14
299,2009-04-15
314,2009-04-16
282,2009-04-17
157,2009-04-18
161,2009-04-19
285,2009-04-20
322,2009-04-21
307,2009-04-22
310,2009-04-23
300,2009-04-24
165,2009-04-25
178,2009-04-26
298,2009-04-27
284,2009-04-28
328,2009-04-29
305,2009-04-30
283,2009-05-01
140,2009-05-02
157,2009-05-03
292,2009-05-04
287,2009-05-05
305,2009-05-06
341,2009-05-07
131,2009-05-08
161,2009-05-09
171,2009-05-10
280,2009-05-11
288,2009-05-12
332,2009-05-13
315,2009-05-14
277,2009-05-15
162,2009-05-16
201,2009-05-17
306,2009-05-18
290,2009-05-19
295,2009-05-20
123,2009-05-21
253,2009-05-22
135,2009-05-23
164,2009-05-24
284,2009-05-25
305,2009-05-26
302,2009-05-27
314,2009-05-28
301,2009-05-29
171,2009-05-30
191,2009-05-31
138,2009-06-01
337,2009-06-02
306,2009-06-03
289,2009-06-04
223,2009-06-05
151,2009-06-06
140,2009-06-07
245,2009-06-08
293,2009-06-09
275,2009-06-10
320,2009-06-11
286,2009-06-12
140,2009-06-13
137,2009-06-14
295,2009-06-15
298,2009-06-16
325,2009-06-17
316,2009-06-18
289,2009-06-19
137,2009-06-20
121,2009-06-21
295,2009-06-22
267,2009-06-23
311,2009-06-24
313,2009-06-25
266,2009-06-26
147,2009-06-27
140,2009-06-28
285,2009-06-29
277,2009-06-30
273,2009-07-01
302,2009-07-02
254,2009-07-03
133,2009-07-04
123,2009-07-05
303,2009-07-06
292,2009-07-07
294,2009-07-08
273,2009-07-09
279,2009-07-10
128,2009-07-11
134,2009-07-12
241,2009-07-13
270,2009-07-14
248,2009-07-15
239,2009-07-16
238,2009-07-17
165,2009-07-18
157,2009-07-19
241,2009-07-20
224,2009-07-21
237,2009-07-22
249,2009-07-23
231,2009-07-24
147,2009-07-25
145,2009-07-26
211,2009-07-27
237,2009-07-28
226,2009-07-29
250,2009-07-30
233,2009-07-31
132,2009-08-01
168,2009-08-02
250,2009-08-03
276,2009-08-04
263,2009-08-05
276,2009-08-06
258,2009-08-07
121,2009-08-08
184,2009-08-09
284,2009-08-10
308,2009-08-11
331,2009-08-12
312,2009-08-13
304,2009-08-14
180,2009-08-15
161,2009-08-16
327,2009-08-17
312,2009-08-18
313,2009-08-19
315,2009-08-20
277,2009-08-21
135,2009-08-22
170,2009-08-23
299,2009-08-24
322,2009-08-25
343,2009-08-26
335,2009-08-27
293,2009-08-28
157,2009-08-29
159,2009-08-30
313,2009-08-31
361,2009-09-01
292,2009-09-02
316,2009-09-03
325,2009-09-04
144,2009-09-05
151,2009-09-06
299,2009-09-07
314,2009-09-08
318,2009-09-09
314,2009-09-10
269,2009-09-11
191,2009-09-12
172,2009-09-13
320,2009-09-14
282,2009-09-15
298,2009-09-16
311,2009-09-17
308,2009-09-18
141,2009-09-19
195,2009-09-20
298,2009-09-21
318,2009-09-22
330,2009-09-23
323,2009-09-24
331,2009-09-25
168,2009-09-26
187,2009-09-27
250,2009-09-28
310,2009-09-29
304,2009-09-30
304,2009-10-01
287,2009-10-02
138,2009-10-03
180,2009-10-04
307,2009-10-05
265,2009-10-06
305,2009-10-07
305,2009-10-08
334,2009-10-09
157,2009-10-10
148,2009-10-11
272,2009-10-12
274,2009-10-13
291,2009-10-14
280,2009-10-15
270,2009-10-16
154,2009-10-17
165,2009-10-18
302,2009-10-19
286,2009-10-20
289,2009-10-21
333,2009-10-22
295,2009-10-23
145,2009-10-24
200,2009-10-25
298,2009-10-26
327,2009-10-27
307,2009-10-28
341,2009-10-29
299,2009-10-30
151,2009-10-31
183,2009-11-01
309,2009-11-02
306,2009-11-03
310,2009-11-04
331,2009-11-05
310,2009-11-06
170,2009-11-07
183,2009-11-08
324,2009-11-09
371,2009-11-10
357,2009-11-11
366,2009-11-12
318,2009-11-13
173,2009-11-14
132,2009-11-15
312,2009-11-16
397,2009-11-17
426,2009-11-18
332,2009-11-19
343,2009-11-20
170,2009-11-21
209,2009-11-22
296,2009-11-23
311,2009-11-24
296,2009-11-25
325,2009-11-26
318,2009-11-27
133,2009-11-28
198,2009-11-29
288,2009-11-30
323,2009-12-01
278,2009-12-02
337,2009-12-03
293,2009-12-04
140,2009-12-05
149,2009-12-06
276,2009-12-07
299,2009-12-08
334,2009-12-09
310,2009-12-10
284,2009-12-11
139,2009-12-12
144,2009-12-13
305,2009-12-14
309,2009-12-15
318,2009-12-16
300,2009-12-17
305,2009-12-18
118,2009-12-19
138,2009-12-20
263,2009-12-21
305,2009-12-22
253,2009-12-23
96,2009-12-24
51,2009-12-25
115,2009-12-26
134,2009-12-27
224,2009-12-28
270,2009-12-29
267,2009-12-30
156,2009-12-31
126,2010-01-01
138,2010-01-02
138,2010-01-03
300,2010-01-04
293,2010-01-05
313,2010-01-06
300,2010-01-07
289,2010-01-08
174,2010-01-09
187,2010-01-10
297,2010-01-11
294,2010-01-12
300,2010-01-13
282,2010-01-14
267,2010-01-15
154,2010-01-16
144,2010-01-17
292,2010-01-18
307,2010-01-19
322,2010-01-20
326,2010-01-21
270,2010-01-22
184,2010-01-23
172,2010-01-24
321,2010-01-25
326,2010-01-26
303,2010-01-27
322,2010-01-28
298,2010-01-29
162,2010-01-30
140,2010-01-31
327,2010-02-01
357,2010-02-02
312,2010-02-03
299,2010-02-04
290,2010-02-05
151,2010-02-06
152,2010-02-07
318,2010-02-08
312,2010-02-09
308,2010-02-10
310,2010-02-11
295,2010-02-12
173,2010-02-13
159,2010-02-14
288,2010-02-15
299,2010-02-16
319,2010-02-17
311,2010-02-18
284,2010-02-19
190,2010-02-20
192,2010-02-21
335,2010-02-22
348,2010-02-23
339,2010-02-24
373,2010-02-25
347,2010-02-26
165,2010-02-27
164,2010-02-28
297,2010-03-01
273,2010-03-02
304,2010-03-03
293,2010-03-04
285,2010-03-05
160,2010-03-06
177,2010-03-07
287,2010-03-08
307,2010-03-09
312,2010-03-10
331,2010-03-11
320,2010-03-12
187,2010-03-13
178,2010-03-14
288,2010-03-15
326,2010-03-16
326,2010-03-17
310,2010-03-18
296,2010-03-19
178,2010-03-20
182,2010-03-21
271,2010-03-22
290,2010-03-23
297,2010-03-24
336,2010-03-25
275,2010-03-26
154,2010-03-27
146,2010-03-28
264,2010-03-29
283,2010-03-30
271,2010-03-31
152,2010-04-01
137,2010-04-02
141,2010-04-03
149,2010-04-04
163,2010-04-05
277,2010-04-06
279,2010-04-07
318,2010-04-08
277,2010-04-09
172,2010-04-10
205,2010-04-11
290,2010-04-12
291,2010-04-13
368,2010-04-14
346,2010-04-15
315,2010-04-16
155,2010-04-17
171,2010-04-18
318,2010-04-19
300,2010-04-20
305,2010-04-21
323,2010-04-22
325,2010-04-23
171,2010-04-24
212,2010-04-25
310,2010-04-26
344,2010-04-27
320,2010-04-28
311,2010-04-29
141,2010-04-30
179,2010-05-01
173,2010-05-02
287,2010-05-03
284,2010-05-04
330,2010-05-05
330,2010-05-06
270,2010-05-07
152,2010-05-08
184,2010-05-09
305,2010-05-10
297,2010-05-11
302,2010-05-12
150,2010-05-13
211,2010-05-14
149,2010-05-15
224,2010-05-16
285,2010-05-17
302,2010-05-18
292,2010-05-19
283,2010-05-20
262,2010-05-21
150,2010-05-22
122,2010-05-23
133,2010-05-24
321,2010-05-25
298,2010-05-26
313,2010-05-27
295,2010-05-28
137,2010-05-29
154,2010-05-30
297,2010-05-31
291,2010-06-01
304,2010-06-02
300,2010-06-03
278,2010-06-04
150,2010-06-05
141,2010-06-06
274,2010-06-07
281,2010-06-08
292,2010-06-09
278,2010-06-10
289,2010-06-11
160,2010-06-12
178,2010-06-13
299,2010-06-14
339,2010-06-15
298,2010-06-16
282,2010-06-17
303,2010-06-18
186,2010-06-19
202,2010-06-20
294,2010-06-21
309,2010-06-22
295,2010-06-23
336,2010-06-24
298,2010-06-25
168,2010-06-26
157,2010-06-27
294,2010-06-28
296,2010-06-29
299,2010-06-30
270,2010-07-01
297,2010-07-02
163,2010-07-03
151,2010-07-04
295,2010-07-05
304,2010-07-06
290,2010-07-07
295,2010-07-08
269,2010-07-09
169,2010-07-10
157,2010-07-11
264,2010-07-12
260,2010-07-13
284,2010-07-14
282,2010-07-15
261,2010-07-16
140,2010-07-17
143,2010-07-18
245,2010-07-19
238,2010-07-20
246,2010-07-21
230,2010-07-22
222,2010-07-23
167,2010-07-24
173,2010-07-25
226,2010-07-26
231,2010-07-27
243,2010-07-28
225,2010-07-29
219,2010-07-30
141,2010-07-31
144,2010-08-01
239,2010-08-02
257,2010-08-03
256,2010-08-04
294,2010-08-05
256,2010-08-06
170,2010-08-07
185,2010-08-08
255,2010-08-09
276,2010-08-10
274,2010-08-11
310,2010-08-12
283,2010-08-13
164,2010-08-14
176,2010-08-15
294,2010-08-16
290,2010-08-17
292,2010-08-18
323,2010-08-19
284,2010-08-20
167,2010-08-21
174,2010-08-22
316,2010-08-23
315,2010-08-24
304,2010-08-25
353,2010-08-26
282,2010-08-27
180,2010-08-28
181,2010-08-29
148,2010-08-30
307,2010-08-31
318,2010-09-01
292,2010-09-02
309,2010-09-03
177,2010-09-04
161,2010-09-05
295,2010-09-06
316,2010-09-07
299,2010-09-08
294,2010-09-09
273,2010-09-10
158,2010-09-11
200,2010-09-12
281,2010-09-13
284,2010-09-14
274,2010-09-15
283,2010-09-16
271,2010-09-17
181,2010-09-18
198,2010-09-19
275,2010-09-20
269,2010-09-21
285,2010-09-22
290,2010-09-23
253,2010-09-24
162,2010-09-25
161,2010-09-26
279,2010-09-27
290,2010-09-28
290,2010-09-29
301,2010-09-30
260,2010-10-01
188,2010-10-02
218,2010-10-03
294,2010-10-04
283,2010-10-05
275,2010-10-06
289,2010-10-07
291,2010-10-08
145,2010-10-09
136,2010-10-10
270,2010-10-11
323,2010-10-12
247,2010-10-13
288,2010-10-14
261,2010-10-15
138,2010-10-16
155,2010-10-17
261,2010-10-18
275,2010-10-19
312,2010-10-20
274,2010-10-21
256,2010-10-22
141,2010-10-23
163,2010-10-24
253,2010-10-25
293,2010-10-26
300,2010-10-27
262,2010-10-28
264,2010-10-29
172,2010-10-30
201,2010-10-31
270,2010-11-01
279,2010-11-02
272,2010-11-03
287,2010-11-04
283,2010-11-05
174,2010-11-06
187,2010-11-07
296,2010-11-08
280,2010-11-09
319,2010-11-10
282,2010-11-11
281,2010-11-12
158,2010-11-13
146,2010-11-14
293,2010-11-15
266,2010-11-16
326,2010-11-17
249,2010-11-18
270,2010-11-19
162,2010-11-20
191,2010-11-21
266,2010-11-22
298,2010-11-23
311,2010-11-24
302,2010-11-25
267,2010-11-26
173,2010-11-27
191,2010-11-28
276,2010-11-29
282,2010-11-30
323,2010-12-01
316,2010-12-02
251,2010-12-03
163,2010-12-04
168,2010-12-05
297,2010-12-06
329,2010-12-07
302,2010-12-08
318,2010-12-09
284,2010-12-10
151,2010-12-11
161,2010-12-12
304,2010-12-13
310,2010-12-14
310,2010-12-15
315,2010-12-16
313,2010-12-17
153,2010-12-18
167,2010-12-19
248,2010-12-20
281,2010-12-21
271,2010-12-22
262,2010-12-23
112,2010-12-24
75,2010-12-25
114,2010-12-26
233,2010-12-27
275,2010-12-28
258,2010-12-29
232,2010-12-30
108,2010-12-31
108,2011-01-01
108,2011-01-02
254,2011-01-03
240,2011-01-04
279,2011-01-05
301,2011-01-06
259,2011-01-07
182,2011-01-08
155,2011-01-09
280,2011-01-10
277,2011-01-11
255,2011-01-12
279,2011-01-13
286,2011-01-14
173,2011-01-15
161,2011-01-16
283,2011-01-17
256,2011-01-18
286,2011-01-19
302,2011-01-20
275,2011-01-21
147,2011-01-22
160,2011-01-23
276,2011-01-24
318,2011-01-25
294,2011-01-26
290,2011-01-27
263,2011-01-28
158,2011-01-29
173,2011-01-30
252,2011-01-31
260,2011-02-01
257,2011-02-02
243,2011-02-03
266,2011-02-04
151,2011-02-05
152,2011-02-06
254,2011-02-07
243,2011-02-08
278,2011-02-09
251,2011-02-10
265,2011-02-11
132,2011-02-12
129,2011-02-13
263,2011-02-14
250,2011-02-15
248,2011-02-16
220,2011-02-17
243,2011-02-18
131,2011-02-19
134,2011-02-20
264,2011-02-21
265,2011-02-22
279,2011-02-23
296,2011-02-24
247,2011-02-25
152,2011-02-26
150,2011-02-27
814,2011-02-28
276,2011-03-01
278,2011-03-02
270,2011-03-03
290,2011-03-04
165,2011-03-05
172,2011-03-06
259,2011-03-07
277,2011-03-08
275,2011-03-09
260,2011-03-10
241,2011-03-11
150,2011-03-12
159,2011-03-13
271,2011-03-14
266,2011-03-15
277,2011-03-16
279,2011-03-17
269,2011-03-18
171,2011-03-19
182,2011-03-20
265,2011-03-21
267,2011-03-22
279,2011-03-23
289,2011-03-24
262,2011-03-25
174,2011-03-26
139,2011-03-27
261,2011-03-28
295,2011-03-29
263,2011-03-30
264,2011-03-31
260,2011-04-01
166,2011-04-02
159,2011-04-03
299,2011-04-04
252,2011-04-05
280,2011-04-06
240,2011-04-07
251,2011-04-08
165,2011-04-09
188,2011-04-10
268,2011-04-11
290,2011-04-12
267,2011-04-13
281,2011-04-14
246,2011-04-15
146,2011-04-16
182,2011-04-17
266,2011-04-18
261,2011-04-19
276,2011-04-20
168,2011-04-21
156,2011-04-22
158,2011-04-23
155,2011-04-24
155,2011-04-25
241,2011-04-26
263,2011-04-27
253,2011-04-28
240,2011-04-29
173,2011-04-30
156,2011-05-01
274,2011-05-02
255,2011-05-03
288,2011-05-04
282,2011-05-05
267,2011-05-06
158,2011-05-07
202,2011-05-08
271,2011-05-09
262,2011-05-10
286,2011-05-11
276,2011-05-12
263,2011-05-13
168,2011-05-14
180,2011-05-15
286,2011-05-16
270,2011-05-17
289,2011-05-18
293,2011-05-19
151,2011-05-20
148,2011-05-21
152,2011-05-22
257,2011-05-23
275,2011-05-24
298,2011-05-25
291,2011-05-26
253,2011-05-27
178,2011-05-28
208,2011-05-29
282,2011-05-30
279,2011-05-31
272,2011-06-01
165,2011-06-02
241,2011-06-03
151,2011-06-04
127,2011-06-05
278,2011-06-06
269,2011-06-07
286,2011-06-08
259,2011-06-09
283,2011-06-10
143,2011-06-11
136,2011-06-12
137,2011-06-13
238,2011-06-14
281,2011-06-15
288,2011-06-16
272,2011-06-17
149,2011-06-18
144,2011-06-19
270,2011-06-20
278,2011-06-21
276,2011-06-22
294,2011-06-23
286,2011-06-24
133,2011-06-25
151,2011-06-26
270,2011-06-27
277,2011-06-28
250,2011-06-29
282,2011-06-30
301,2011-07-01
148,2011-07-02
167,2011-07-03
236,2011-07-04
252,2011-07-05
252,2011-07-06
255,2011-07-07
265,2011-07-08
164,2011-07-09
151,2011-07-10
230,2011-07-11
247,2011-07-12
256,2011-07-13
255,2011-07-14
248,2011-07-15
164,2011-07-16
145,2011-07-17
233,2011-07-18
205,2011-07-19
236,2011-07-20
254,2011-07-21
248,2011-07-22
138,2011-07-23
149,2011-07-24
236,2011-07-25
249,2011-07-26
224,2011-07-27
221,2011-07-28
225,2011-07-29
173,2011-07-30
152,2011-07-31
234,2011-08-01
261,2011-08-02
268,2011-08-03
264,2011-08-04
264,2011-08-05
167,2011-08-06
170,2011-08-07
255,2011-08-08
277,2011-08-09
279,2011-08-10
267,2011-08-11
265,2011-08-12
162,2011-08-13
167,2011-08-14
277,2011-08-15
282,2011-08-16
274,2011-08-17
278,2011-08-18
261,2011-08-19
183,2011-08-20
182,2011-08-21
304,2011-08-22
284,2011-08-23
288,2011-08-24
326,2011-08-25
243,2011-08-26
138,2011-08-27
159,2011-08-28
222,2011-08-29
257,2011-08-30
283,2011-08-31
262,2011-09-01
222,2011-09-02
152,2011-09-03
145,2011-09-04
243,2011-09-05
275,2011-09-06
278,2011-09-07
230,2011-09-08
236,2011-09-09
153,2011-09-10
176,2011-09-11
260,2011-09-12
268,2011-09-13
228,2011-09-14
292,2011-09-15
202,2011-09-16
117,2011-09-17
155,2011-09-18
258,2011-09-19
275,2011-09-20
277,2011-09-21
298,2011-09-22
283,2011-09-23
159,2011-09-24
176,2011-09-25
287,2011-09-26
289,2011-09-27
273,2011-09-28
291,2011-09-29
277,2011-09-30
165,2011-10-01
162,2011-10-02
246,2011-10-03
259,2011-10-04
247,2011-10-05
284,2011-10-06
291,2011-10-07
170,2011-10-08
180,2011-10-09
271,2011-10-10
295,2011-10-11
281,2011-10-12
264,2011-10-13
265,2011-10-14
163,2011-10-15
166,2011-10-16
269,2011-10-17
266,2011-10-18
285,2011-10-19
288,2011-10-20
263,2011-10-21
148,2011-10-22
199,2011-10-23
273,2011-10-24
280,2011-10-25
278,2011-10-26
297,2011-10-27
256,2011-10-28
166,2011-10-29
209,2011-10-30
294,2011-10-31
277,2011-11-01
297,2011-11-02
308,2011-11-03
292,2011-11-04
165,2011-11-05
182,2011-11-06
298,2011-11-07
258,2011-11-08
267,2011-11-09
287,2011-11-10
301,2011-11-11
161,2011-11-12
163,2011-11-13
255,2011-11-14
319,2011-11-15
279,2011-11-16
290,2011-11-17
277,2011-11-18
154,2011-11-19
187,2011-11-20
274,2011-11-21
259,2011-11-22
302,2011-11-23
308,2011-11-24
266,2011-11-25
169,2011-11-26
200,2011-11-27
251,2011-11-28
260,2011-11-29
275,2011-11-30
296,2011-12-01
279,2011-12-02
177,2011-12-03
213,2011-12-04
307,2011-12-05
293,2011-12-06
280,2011-12-07
284,2011-12-08
277,2011-12-09
147,2011-12-10
150,2011-12-11
284,2011-12-12
262,2011-12-13
302,2011-12-14
316,2011-12-15
291,2011-12-16
149,2011-12-17
164,2011-12-18
256,2011-12-19
285,2011-12-20
314,2011-12-21
303,2011-12-22
256,2011-12-23
84,2011-12-24
68,2011-12-25
137,2011-12-26
214,2011-12-27
241,2011-12-28
250,2011-12-29
236,2011-12-30
139,2011-12-31
126,2012-01-01
257,2012-01-02
285,2012-01-03
304,2012-01-04
304,2012-01-05
262,2012-01-06
171,2012-01-07
142,2012-01-08
282,2012-01-09
266,2012-01-10
265,2012-01-11
280,2012-01-12
280,2012-01-13
143,2012-01-14
166,2012-01-15
271,2012-01-16
311,2012-01-17
270,2012-01-18
343,2012-01-19
312,2012-01-20
148,2012-01-21
143,2012-01-22
328,2012-01-23
328,2012-01-24
323,2012-01-25
306,2012-01-26
325,2012-01-27
188,2012-01-28
202,2012-01-29
293,2012-01-30
310,2012-01-31
295,2012-02-01
294,2012-02-02
312,2012-02-03
182,2012-02-04
179,2012-02-05
305,2012-02-06
328,2012-02-07
326,2012-02-08
333,2012-02-09
266,2012-02-10
167,2012-02-11
180,2012-02-12
275,2012-02-13
302,2012-02-14
329,2012-02-15
290,2012-02-16
278,2012-02-17
206,2012-02-18
195,2012-02-19
306,2012-02-20
326,2012-02-21
313,2012-02-22
289,2012-02-23
300,2012-02-24
172,2012-02-25
163,2012-02-26
283,2012-02-27
302,2012-02-28
275,2012-02-29
311,2012-03-01
305,2012-03-02
190,2012-03-03
181,2012-03-04
310,2012-03-05
307,2012-03-06
338,2012-03-07
326,2012-03-08
302,2012-03-09
191,2012-03-10
185,2012-03-11
300,2012-03-12
279,2012-03-13
326,2012-03-14
309,2012-03-15
302,2012-03-16
156,2012-03-17
206,2012-03-18
299,2012-03-19
332,2012-03-20
341,2012-03-21
310,2012-03-22
324,2012-03-23
193,2012-03-24
207,2012-03-25
305,2012-03-26
331,2012-03-27
298,2012-03-28
289,2012-03-29
269,2012-03-30
193,2012-03-31
184,2012-04-01
310,2012-04-02
305,2012-04-03
296,2012-04-04
210,2012-04-05
168,2012-04-06
158,2012-04-07
180,2012-04-08
191,2012-04-09
287,2012-04-10
335,2012-04-11
345,2012-04-12
288,2012-04-13
182,2012-04-14
166,2012-04-15
352,2012-04-16
346,2012-04-17
323,2012-04-18
345,2012-04-19
330,2012-04-20
163,2012-04-21
204,2012-04-22
327,2012-04-23
317,2012-04-24
320,2012-04-25
309,2012-04-26
289,2012-04-27
197,2012-04-28
188,2012-04-29
282,2012-04-30
351,2012-05-01
285,2012-05-02
377,2012-05-03
174,2012-05-04
198,2012-05-05
233,2012-05-06
349,2012-05-07
330,2012-05-08
305,2012-05-09
311,2012-05-10
319,2012-05-11
190,2012-05-12
193,2012-05-13
278,2012-05-14
287,2012-05-15
327,2012-05-16
150,2012-05-17
269,2012-05-18
181,2012-05-19
213,2012-05-20
303,2012-05-21
315,2012-05-22
376,2012-05-23
309,2012-05-24
353,2012-05-25
211,2012-05-26
198,2012-05-27
130,2012-05-28
313,2012-05-29
344,2012-05-30
319,2012-05-31
306,2012-06-01
183,2012-06-02
156,2012-06-03
303,2012-06-04
293,2012-06-05
350,2012-06-06
326,2012-06-07
343,2012-06-08
213,2012-06-09
192,2012-06-10
330,2012-06-11
336,2012-06-12
331,2012-06-13
315,2012-06-14
309,2012-06-15
184,2012-06-16
218,2012-06-17
304,2012-06-18
290,2012-06-19
296,2012-06-20
297,2012-06-21
331,2012-06-22
187,2012-06-23
175,2012-06-24
298,2012-06-25
295,2012-06-26
294,2012-06-27
318,2012-06-28
298,2012-06-29
161,2012-06-30
172,2012-07-01
307,2012-07-02
291,2012-07-03
306,2012-07-04
329,2012-07-05
305,2012-07-06
182,2012-07-07
194,2012-07-08
288,2012-07-09
249,2012-07-10
253,2012-07-11
249,2012-07-12
265,2012-07-13
178,2012-07-14
175,2012-07-15
248,2012-07-16
248,2012-07-17
262,2012-07-18
253,2012-07-19
277,2012-07-20
187,2012-07-21
203,2012-07-22
252,2012-07-23
251,2012-07-24
264,2012-07-25
252,2012-07-26
248,2012-07-27
184,2012-07-28
169,2012-07-29
251,2012-07-30
281,2012-07-31
264,2012-08-01
279,2012-08-02
237,2012-08-03
191,2012-08-04
171,2012-08-05
254,2012-08-06
262,2012-08-07
289,2012-08-08
292,2012-08-09
291,2012-08-10
172,2012-08-11
169,2012-08-12
276,2012-08-13
308,2012-08-14
297,2012-08-15
262,2012-08-16
272,2012-08-17
178,2012-08-18
163,2012-08-19
296,2012-08-20
298,2012-08-21
305,2012-08-22
284,2012-08-23
305,2012-08-24
181,2012-08-25
192,2012-08-26
316,2012-08-27
328,2012-08-28
327,2012-08-29
302,2012-08-30
296,2012-08-31
182,2012-09-01
223,2012-09-02
303,2012-09-03
312,2012-09-04
291,2012-09-05
310,2012-09-06
296,2012-09-07
193,2012-09-08
175,2012-09-09
295,2012-09-10
295,2012-09-11
271,2012-09-12
283,2012-09-13
282,2012-09-14
199,2012-09-15
187,2012-09-16
306,2012-09-17
323,2012-09-18
350,2012-09-19
288,2012-09-20
301,2012-09-21
179,2012-09-22
207,2012-09-23
283,2012-09-24
301,2012-09-25
318,2012-09-26
309,2012-09-27
272,2012-09-28
186,2012-09-29
193,2012-09-30
288,2012-10-01
310,2012-10-02
297,2012-10-03
306,2012-10-04
267,2012-10-05
177,2012-10-06
200,2012-10-07
312,2012-10-08
302,2012-10-09
309,2012-10-10
296,2012-10-11
326,2012-10-12
192,2012-10-13
158,2012-10-14
291,2012-10-15
339,2012-10-16
318,2012-10-17
332,2012-10-18
328,2012-10-19
212,2012-10-20
205,2012-10-21
289,2012-10-22
335,2012-10-23
352,2012-10-24
304,2012-10-25
265,2012-10-26
176,2012-10-27
186,2012-10-28
299,2012-10-29
283,2012-10-30
280,2012-10-31
293,2012-11-01
297,2012-11-02
181,2012-11-03
188,2012-11-04
313,2012-11-05
308,2012-11-06
380,2012-11-07
342,2012-11-08
305,2012-11-09
162,2012-11-10
206,2012-11-11
359,2012-11-12
279,2012-11-13
298,2012-11-14
315,2012-11-15
262,2012-11-16
206,2012-11-17
185,2012-11-18
322,2012-11-19
322,2012-11-20
349,2012-11-21
295,2012-11-22
290,2012-11-23
162,2012-11-24
182,2012-11-25
311,2012-11-26
318,2012-11-27
293,2012-11-28
329,2012-11-29
281,2012-11-30
168,2012-12-01
190,2012-12-02
300,2012-12-03
332,2012-12-04
334,2012-12-05
338,2012-12-06
291,2012-12-07
204,2012-12-08
228,2012-12-09
325,2012-12-10
328,2012-12-11
354,2012-12-12
317,2012-12-13
261,2012-12-14
180,2012-12-15
170,2012-12-16
326,2012-12-17
308,2012-12-18
298,2012-12-19
323,2012-12-20
265,2012-12-21
152,2012-12-22
122,2012-12-23
103,2012-12-24
79,2012-12-25
127,2012-12-26
213,2012-12-27
237,2012-12-28
142,2012-12-29
127,2012-12-30
130,2012-12-31
135,2013-01-01
240,2013-01-02
261,2013-01-03
245,2013-01-04
171,2013-01-05
140,2013-01-06
261,2013-01-07
250,2013-01-08
260,2013-01-09
256,2013-01-10
268,2013-01-11
167,2013-01-12
167,2013-01-13
254,2013-01-14
311,2013-01-15
275,2013-01-16
268,2013-01-17
293,2013-01-18
168,2013-01-19
159,2013-01-20
281,2013-01-21
265,2013-01-22
277,2013-01-23
274,2013-01-24
277,2013-01-25
149,2013-01-26
183,2013-01-27
247,2013-01-28
273,2013-01-29
259,2013-01-30
302,2013-01-31
249,2013-02-01
149,2013-02-02
166,2013-02-03
250,2013-02-04
255,2013-02-05
274,2013-02-06
278,2013-02-07
278,2013-02-08
149,2013-02-09
134,2013-02-10
260,2013-02-11
270,2013-02-12
234,2013-02-13
223,2013-02-14
234,2013-02-15
124,2013-02-16
146,2013-02-17
244,2013-02-18
260,2013-02-19
281,2013-02-20
271,2013-02-21
252,2013-02-22
135,2013-02-23
163,2013-02-24
292,2013-02-25
297,2013-02-26
249,2013-02-27
308,2013-02-28
255,2013-03-01
146,2013-03-02
183,2013-03-03
264,2013-03-04
257,2013-03-05
277,2013-03-06
282,2013-03-07
267,2013-03-08
152,2013-03-09
167,2013-03-10
321,2013-03-11
277,2013-03-12
271,2013-03-13
270,2013-03-14
270,2013-03-15
142,2013-03-16
176,2013-03-17
239,2013-03-18
268,2013-03-19
273,2013-03-20
271,2013-03-21
286,2013-03-22
149,2013-03-23
159,2013-03-24
262,2013-03-25
261,2013-03-26
271,2013-03-27
164,2013-03-28
166,2013-03-29
132,2013-03-30
154,2013-03-31
134,2013-04-01
243,2013-04-02
271,2013-04-03
288,2013-04-04
239,2013-04-05
154,2013-04-06
160,2013-04-07
274,2013-04-08
267,2013-04-09
252,2013-04-10
259,2013-04-11
209,2013-04-12
173,2013-04-13
188,2013-04-14
251,2013-04-15
265,2013-04-16
254,2013-04-17
239,2013-04-18
262,2013-04-19
157,2013-04-20
167,2013-04-21
246,2013-04-22
234,2013-04-23
258,2013-04-24
339,2013-04-25
136,2013-04-26
149,2013-04-27
155,2013-04-28
278,2013-04-29
286,2013-04-30
290,2013-05-01
275,2013-05-02
279,2013-05-03
183,2013-05-04
184,2013-05-05
260,2013-05-06
273,2013-05-07
271,2013-05-08
157,2013-05-09
235,2013-05-10
140,2013-05-11
193,2013-05-12
266,2013-05-13
258,2013-05-14
312,2013-05-15
295,2013-05-16
253,2013-05-17
152,2013-05-18
145,2013-05-19
174,2013-05-20
292,2013-05-21
272,2013-05-22
307,2013-05-23
276,2013-05-24
189,2013-05-25
185,2013-05-26
227,2013-05-27
230,2013-05-28
254,2013-05-29
265,2013-05-30
227,2013-05-31
170,2013-06-01
166,2013-06-02
272,2013-06-03
288,2013-06-04
272,2013-06-05
277,2013-06-06
275,2013-06-07
174,2013-06-08
152,2013-06-09
301,2013-06-10
276,2013-06-11
273,2013-06-12
291,2013-06-13
287,2013-06-14
146,2013-06-15
138,2013-06-16
221,2013-06-17
256,2013-06-18
276,2013-06-19
265,2013-06-20
274,2013-06-21
179,2013-06-22
163,2013-06-23
241,2013-06-24
255,2013-06-25
249,2013-06-26
295,2013-06-27
254,2013-06-28
152,2013-06-29
146,2013-06-30
224,2013-07-01
204,2013-07-02
235,2013-07-03
228,2013-07-04
239,2013-07-05
141,2013-07-06
135,2013-07-07
223,2013-07-08
225,2013-07-09
242,2013-07-10
229,2013-07-11
221,2013-07-12
131,2013-07-13
131,2013-07-14
206,2013-07-15
224,2013-07-16
238,2013-07-17
232,2013-07-18
224,2013-07-19
152,2013-07-20
143,2013-07-21
217,2013-07-22
222,2013-07-23
236,2013-07-24
228,2013-07-25
245,2013-07-26
150,2013-07-27
159,2013-07-28
210,2013-07-29
222,2013-07-30
222,2013-07-31
223,2013-08-01
243,2013-08-02
154,2013-08-03
155,2013-08-04
240,2013-08-05
230,2013-08-06
231,2013-08-07
232,2013-08-08
254,2013-08-09
155,2013-08-10
161,2013-08-11
283,2013-08-12
251,2013-08-13
271,2013-08-14
244,2013-08-15
268,2013-08-16
146,2013-08-17
162,2013-08-18
264,2013-08-19
250,2013-08-20
276,2013-08-21
256,2013-08-22
256,2013-08-23
139,2013-08-24
180,2013-08-25
259,2013-08-26
266,2013-08-27
236,2013-08-28
323,2013-08-29
268,2013-08-30
144,2013-08-31
189,2013-09-01
303,2013-09-02
283,2013-09-03
272,2013-09-04
255,2013-09-05
270,2013-09-06
162,2013-09-07
153,2013-09-08
269,2013-09-09
247,2013-09-10
254,2013-09-11
237,2013-09-12
248,2013-09-13
161,2013-09-14
165,2013-09-15
268,2013-09-16
278,2013-09-17
268,2013-09-18
271,2013-09-19
276,2013-09-20
174,2013-09-21
184,2013-09-22
275,2013-09-23
247,2013-09-24
266,2013-09-25
268,2013-09-26
264,2013-09-27
183,2013-09-28
185,2013-09-29
233,2013-09-30
255,2013-10-01
266,2013-10-02
242,2013-10-03
263,2013-10-04
151,2013-10-05
163,2013-10-06
244,2013-10-07
255,2013-10-08
203,2013-10-09
261,2013-10-10
274,2013-10-11
156,2013-10-12
133,2013-10-13
213,2013-10-14
247,2013-10-15
220,2013-10-16
237,2013-10-17
220,2013-10-18
147,2013-10-19
171,2013-10-20
233,2013-10-21
244,2013-10-22
243,2013-10-23
251,2013-10-24
213,2013-10-25
137,2013-10-26
160,2013-10-27
250,2013-10-28
246,2013-10-29
230,2013-10-30
211,2013-10-31
241,2013-11-01
144,2013-11-02
147,2013-11-03
224,2013-11-04
236,2013-11-05
199,2013-11-06
225,2013-11-07
236,2013-11-08
135,2013-11-09
135,2013-11-10
211,2013-11-11
235,2013-11-12
202,2013-11-13
213,2013-11-14
198,2013-11-15
117,2013-11-16
100,2013-11-17
187,2013-11-18
160,2013-11-19
141,2013-11-20
126,2013-11-21
151,2013-11-22
120,2013-11-23
165,2013-11-24
201,2013-11-25
237,2013-11-26
252,2013-11-27
218,2013-11-28
200,2013-11-29
136,2013-11-30
183,2013-12-01
246,2013-12-02
217,2013-12-03
215,2013-12-04
262,2013-12-05
285,2013-12-06
147,2013-12-07
165,2013-12-08
219,2013-12-09
248,2013-12-10
266,2013-12-11
223,2013-12-12
219,2013-12-13
149,2013-12-14
152,2013-12-15
210,2013-12-16
185,2013-12-17
216,2013-12-18
189,2013-12-19
194,2013-12-20
110,2013-12-21
126,2013-12-22
143,2013-12-23
71,2013-12-24
99,2013-12-25
90,2013-12-26
141,2013-12-27
119,2013-12-28
90,2013-12-29
166,2013-12-30
95,2013-12-31
83,2014-01-01
132,2014-01-02
128,2014-01-03
85,2014-01-04
93,2014-01-05
140,2014-01-06
135,2014-01-07
146,2014-01-08
152,2014-01-09
159,2014-01-10
69,2014-01-11
94,2014-01-12
150,2014-01-13
155,2014-01-14
137,2014-01-15
161,2014-01-16
163,2014-01-17
97,2014-01-18
86,2014-01-19
144,2014-01-20
107,2014-01-21
152,2014-01-22
168,2014-01-23
138,2014-01-24
81,2014-01-25
82,2014-01-26
136,2014-01-27
143,2014-01-28
135,2014-01-29
166,2014-01-30
103,2014-01-31
70,2014-02-01
84,2014-02-02
127,2014-02-03
127,2014-02-04
144,2014-02-05
161,2014-02-06
129,2014-02-07
89,2014-02-08
86,2014-02-09
142,2014-02-10
135,2014-02-11
150,2014-02-12
139,2014-02-13
132,2014-02-14
86,2014-02-15
95,2014-02-16
136,2014-02-17
139,2014-02-18
131,2014-02-19
149,2014-02-20
121,2014-02-21
76,2014-02-22
93,2014-02-23
123,2014-02-24
125,2014-02-25
124,2014-02-26
133,2014-02-27
133,2014-02-28
78,2014-03-01
76,2014-03-02
158,2014-03-03
132,2014-03-04
121,2014-03-05
123,2014-03-06
118,2014-03-07
54,2014-03-08
69,2014-03-09
109,2014-03-10
127,2014-03-11
139,2014-03-12
142,2014-03-13
137,2014-03-14
84,2014-03-15
77,2014-03-16
112,2014-03-17
116,2014-03-18
118,2014-03-19
132,2014-03-20
115,2014-03-21
63,2014-03-22
68,2014-03-23
124,2014-03-24
122,2014-03-25
145,2014-03-26
136,2014-03-27
121,2014-03-28
93,2014-03-29
81,2014-03-30
137,2014-03-31
142,2014-04-01
154,2014-04-02
144,2014-04-03
133,2014-04-04
63,2014-04-05
84,2014-04-06
130,2014-04-07
150,2014-04-08
121,2014-04-09
138,2014-04-10
120,2014-04-11
66,2014-04-12
81,2014-04-13
105,2014-04-14
106,2014-04-15
123,2014-04-16
75,2014-04-17
77,2014-04-18
72,2014-04-19
67,2014-04-20
54,2014-04-21
116,2014-04-22
122,2014-04-23
119,2014-04-24
121,2014-04-25
79,2014-04-26
74,2014-04-27
132,2014-04-28
132,2014-04-29
135,2014-04-30
133,2014-05-01
127,2014-05-02
81,2014-05-03
62,2014-05-04
128,2014-05-05
134,2014-05-06
139,2014-05-07
146,2014-05-08
113,2014-05-09
69,2014-05-10
78,2014-05-11
126,2014-05-12
152,2014-05-13
135,2014-05-14
151,2014-05-15
81,2014-05-16
90,2014-05-17
84,2014-05-18
134,2014-05-19
112,2014-05-20
127,2014-05-21
129,2014-05-22
122,2014-05-23
72,2014-05-24
60,2014-05-25
100,2014-05-26
106,2014-05-27
109,2014-05-28
59,2014-05-29
96,2014-05-30
58,2014-05-31
69,2014-06-01
112,2014-06-02
127,2014-06-03
111,2014-06-04
104,2014-06-05
106,2014-06-06
67,2014-06-07
61,2014-06-08
73,2014-06-09
109,2014-06-10
155,2014-06-11
124,2014-06-12
99,2014-06-13
45,2014-06-14
47,2014-06-15
88,2014-06-16
88,2014-06-17
112,2014-06-18
116,2014-06-19
101,2014-06-20
36,2014-06-21
52,2014-06-22
91,2014-06-23
96,2014-06-24
95,2014-06-25
103,2014-06-26
104,2014-06-27
41,2014-06-28
40,2014-06-29
96,2014-06-30
103,2014-07-01
103,2014-07-02
80,2014-07-03
94,2014-07-04
40,2014-07-05
51,2014-07-06
90,2014-07-07
109,2014-07-08
104,2014-07-09
105,2014-07-10
80,2014-07-11
67,2014-07-12
53,2014-07-13
102,2014-07-14
98,2014-07-15
106,2014-07-16
104,2014-07-17
121,2014-07-18
76,2014-07-19
81,2014-07-20
91,2014-07-21
116,2014-07-22
116,2014-07-23
120,2014-07-24
111,2014-07-25
60,2014-07-26
71,2014-07-27
106,2014-07-28
103,2014-07-29
123,2014-07-30
103,2014-07-31
93,2014-08-01
63,2014-08-02
62,2014-08-03
96,2014-08-04
113,2014-08-05
120,2014-08-06
113,2014-08-07
129,2014-08-08
69,2014-08-09
74,2014-08-10
121,2014-08-11
106,2014-08-12
115,2014-08-13
116,2014-08-14
95,2014-08-15
56,2014-08-16
59,2014-08-17
100,2014-08-18
125,2014-08-19
125,2014-08-20
141,2014-08-21
119,2014-08-22
68,2014-08-23
75,2014-08-24
106,2014-08-25
111,2014-08-26
119,2014-08-27
129,2014-08-28
99,2014-08-29
80,2014-08-30
94,2014-08-31
142,2014-09-01
130,2014-09-02
131,2014-09-03
130,2014-09-04
112,2014-09-05
63,2014-09-06
81,2014-09-07
97,2014-09-08
112,2014-09-09
129,2014-09-10
140,2014-09-11
119,2014-09-12
77,2014-09-13
87,2014-09-14
117,2014-09-15
127,2014-09-16
113,2014-09-17
130,2014-09-18
105,2014-09-19
73,2014-09-20
79,2014-09-21
110,2014-09-22
106,2014-09-23
112,2014-09-24
120,2014-09-25
125,2014-09-26
77,2014-09-27
73,2014-09-28
115,2014-09-29
126,2014-09-30
131,2014-10-01
142,2014-10-02
122,2014-10-03
69,2014-10-04
82,2014-10-05
128,2014-10-06
133,2014-10-07
128,2014-10-08
150,2014-10-09
149,2014-10-10
60,2014-10-11
69,2014-10-12
103,2014-10-13
116,2014-10-14
114,2014-10-15
140,2014-10-16
117,2014-10-17
66,2014-10-18
69,2014-10-19
119,2014-10-20
125,2014-10-21
147,2014-10-22
152,2014-10-23
121,2014-10-24
63,2014-10-25
73,2014-10-26
118,2014-10-27
119,2014-10-28
125,2014-10-29
144,2014-10-30
120,2014-10-31
69,2014-11-01
70,2014-11-02
100,2014-11-03
129,2014-11-04
126,2014-11-05
146,2014-11-06
122,2014-11-07
83,2014-11-08
89,2014-11-09
132,2014-11-10
111,2014-11-11
96,2014-11-12
127,2014-11-13
105,2014-11-14
58,2014-11-15
67,2014-11-16
113,2014-11-17
114,2014-11-18
122,2014-11-19
120,2014-11-20
100,2014-11-21
67,2014-11-22
65,2014-11-23
119,2014-11-24
118,2014-11-25
113,2014-11-26
117,2014-11-27
120,2014-11-28
53,2014-11-29
68,2014-11-30
118,2014-12-01
126,2014-12-02
110,2014-12-03
135,2014-12-04
115,2014-12-05
62,2014-12-06
73,2014-12-07
113,2014-12-08
130,2014-12-09
124,2014-12-10
138,2014-12-11
119,2014-12-12
77,2014-12-13
82,2014-12-14
122,2014-12-15
124,2014-12-16
139,2014-12-17
127,2014-12-18
111,2014-12-19
65,2014-12-20
65,2014-12-21
86,2014-12-22
94,2014-12-23
38,2014-12-24
47,2014-12-25
53,2014-12-26
61,2014-12-27
74,2014-12-28
118,2014-12-29
103,2014-12-30
79,2014-12-31
66,2015-01-01
105,2015-01-02
61,2015-01-03
64,2015-01-04
132,2015-01-05
134,2015-01-06
132,2015-01-07
130,2015-01-08
120,2015-01-09
79,2015-01-10
86,2015-01-11
109,2015-01-12
134,2015-01-13
128,2015-01-14
132,2015-01-15
124,2015-01-16
58,2015-01-17
63,2015-01-18
139,2015-01-19
116,2015-01-20
113,2015-01-21
124,2015-01-22
115,2015-01-23
59,2015-01-24
63,2015-01-25
119,2015-01-26
107,2015-01-27
120,2015-01-28
127,2015-01-29
107,2015-01-30
73,2015-01-31
76,2015-02-01
122,2015-02-02
130,2015-02-03
129,2015-02-04
124,2015-02-05
99,2015-02-06
66,2015-02-07
57,2015-02-08
114,2015-02-09
123,2015-02-10
115,2015-02-11
114,2015-02-12
106,2015-02-13
101,2015-02-14
125,2015-02-15
107,2015-02-16
109,2015-02-17
121,2015-02-18
129,2015-02-19
106,2015-02-20
70,2015-02-21
82,2015-02-22
137,2015-02-23
126,2015-02-24
149,2015-02-25
160,2015-02-26
122,2015-02-27
75,2015-02-28
73,2015-03-01
139,2015-03-02
141,2015-03-03
132,2015-03-04
129,2015-03-05
121,2015-03-06
72,2015-03-07
75,2015-03-08
124,2015-03-09
118,2015-03-10
140,2015-03-11
158,2015-03-12
124,2015-03-13
69,2015-03-14
81,2015-03-15
113,2015-03-16
139,2015-03-17
143,2015-03-18
152,2015-03-19
124,2015-03-20
76,2015-03-21
82,2015-03-22
138,2015-03-23
143,2015-03-24
118,2015-03-25
143,2015-03-26
122,2015-03-27
82,2015-03-28
77,2015-03-29
105,2015-03-30
109,2015-03-31
100,2015-04-01
76,2015-04-02
62,2015-04-03
62,2015-04-04
70,2015-04-05
73,2015-04-06
109,2015-04-07
115,2015-04-08
110,2015-04-09
104,2015-04-10
64,2015-04-11
71,2015-04-12
114,2015-04-13
120,2015-04-14
119,2015-04-15
118,2015-04-16
105,2015-04-17
81,2015-04-18
74,2015-04-19
108,2015-04-20
121,2015-04-21
127,2015-04-22
124,2015-04-23
113,2015-04-24
66,2015-04-25
72,2015-04-26
104,2015-04-27
110,2015-04-28
126,2015-04-29
134,2015-04-30
76,2015-05-01
71,2015-05-02
88,2015-05-03
125,2015-05-04
122,2015-05-05
124,2015-05-06
140,2015-05-07
119,2015-05-08
73,2015-05-09
81,2015-05-10
114,2015-05-11
107,2015-05-12
117,2015-05-13
80,2015-05-14
106,2015-05-15
68,2015-05-16
69,2015-05-17
129,2015-05-18
135,2015-05-19
140,2015-05-20
132,2015-05-21
104,2015-05-22
66,2015-05-23
65,2015-05-24
68,2015-05-25
106,2015-05-26
89,2015-05-27
105,2015-05-28
92,2015-05-29
50,2015-05-30
62,2015-05-31
99,2015-06-01
93,2015-06-02
86,2015-06-03
91,2015-06-04
93,2015-06-05
55,2015-06-06
57,2015-06-07
96,2015-06-08
83,2015-06-09
109,2015-06-10
93,2015-06-11
80,2015-06-12
55,2015-06-13
55,2015-06-14
95,2015-06-15
109,2015-06-16
103,2015-06-17
89,2015-06-18
60,2015-06-19
76,2015-06-20
70,2015-06-21
108,2015-06-22
101,2015-06-23
112,2015-06-24
117,2015-06-25
138,2015-06-26
71,2015-06-27
83,2015-06-28
136,2015-06-29
100,2015-06-30
99,2015-07-01
128,2015-07-02
106,2015-07-03
69,2015-07-04
53,2015-07-05
101,2015-07-06
92,2015-07-07
105,2015-07-08
97,2015-07-09
96,2015-07-10
55,2015-07-11
49,2015-07-12
88,2015-07-13
97,2015-07-14
92,2015-07-15
104,2015-07-16
96,2015-07-17
57,2015-07-18
58,2015-07-19
73,2015-07-20
85,2015-07-21
96,2015-07-22
89,2015-07-23
95,2015-07-24
68,2015-07-25
59,2015-07-26
92,2015-07-27
106,2015-07-28
100,2015-07-29
93,2015-07-30
80,2015-07-31
66,2015-08-01
58,2015-08-02
89,2015-08-03
111,2015-08-04
103,2015-08-05
135,2015-08-06
118,2015-08-07
72,2015-08-08
70,2015-08-09
104,2015-08-10
115,2015-08-11
113,2015-08-12
111,2015-08-13
112,2015-08-14
75,2015-08-15
72,2015-08-16
105,2015-08-17
122,2015-08-18
132,2015-08-19
152,2015-08-20
128,2015-08-21
65,2015-08-22
89,2015-08-23
129,2015-08-24
132,2015-08-25
125,2015-08-26
129,2015-08-27
117,2015-08-28
72,2015-08-29
77,2015-08-30
104,2015-08-31
102,2015-09-01
118,2015-09-02
145,2015-09-03
122,2015-09-04
64,2015-09-05
69,2015-09-06
131,2015-09-07
131,2015-09-08
134,2015-09-09
142,2015-09-10
124,2015-09-11
64,2015-09-12
77,2015-09-13
132,2015-09-14
146,2015-09-15
134,2015-09-16
135,2015-09-17
131,2015-09-18
86,2015-09-19
94,2015-09-20
128,2015-09-21
134,2015-09-22
122,2015-09-23
125,2015-09-24
133,2015-09-25
93,2015-09-26
93,2015-09-27
141,2015-09-28
141,2015-09-29
126,2015-09-30
144,2015-10-01
121,2015-10-02
69,2015-10-03
74,2015-10-04
137,2015-10-05
138,2015-10-06
126,2015-10-07
141,2015-10-08
137,2015-10-09
65,2015-10-10
79,2015-10-11
104,2015-10-12
133,2015-10-13
128,2015-10-14
135,2015-10-15
101,2015-10-16
70,2015-10-17
87,2015-10-18
119,2015-10-19
136,2015-10-20
167,2015-10-21
137,2015-10-22
126,2015-10-23
72,2015-10-24
84,2015-10-25
123,2015-10-26
139,2015-10-27
134,2015-10-28
141,2015-10-29
97,2015-10-30
62,2015-10-31
77,2015-11-01
118,2015-11-02
154,2015-11-03
141,2015-11-04
149,2015-11-05
117,2015-11-06
79,2015-11-07
76,2015-11-08
143,2015-11-09
114,2015-11-10
132,2015-11-11
137,2015-11-12
134,2015-11-13
124,2015-11-14
84,2015-11-15
133,2015-11-16
129,2015-11-17
138,2015-11-18
145,2015-11-19
130,2015-11-20
84,2015-11-21
75,2015-11-22
123,2015-11-23
153,2015-11-24
128,2015-11-25
140,2015-11-26
113,2015-11-27
61,2015-11-28
97,2015-11-29
114,2015-11-30
125,2015-12-01
109,2015-12-02
119,2015-12-03
99,2015-12-04
83,2015-12-05
94,2015-12-06
125,2015-12-07
144,2015-12-08
122,2015-12-09
165,2015-12-10
120,2015-12-11
79,2015-12-12
61,2015-12-13
123,2015-12-14
112,2015-12-15
138,2015-12-16
130,2015-12-17
124,2015-12-18
74,2015-12-19
68,2015-12-20
109,2015-12-21
124,2015-12-22
106,2015-12-23
56,2015-12-24
47,2015-12-25
68,2015-12-26
72,2015-12-27
116,2015-12-28
100,2015-12-29
110,2015-12-30
89,2015-12-31
66,2016-01-01
59,2016-01-02
70,2016-01-03
139,2016-01-04
145,2016-01-05
149,2016-01-06
151,2016-01-07
144,2016-01-08
93,2016-01-09
73,2016-01-10
151,2016-01-11
149,2016-01-12
152,2016-01-13
152,2016-01-14
130,2016-01-15
79,2016-01-16
65,2016-01-17
126,2016-01-18
132,2016-01-19
124,2016-01-20
131,2016-01-21
124,2016-01-22
75,2016-01-23
79,2016-01-24
139,2016-01-25
139,2016-01-26
158,2016-01-27
146,2016-01-28
129,2016-01-29
74,2016-01-30
80,2016-01-31
142,2016-02-01
158,2016-02-02
165,2016-02-03
151,2016-02-04
139,2016-02-05
77,2016-02-06
76,2016-02-07
136,2016-02-08
151,2016-02-09
148,2016-02-10
155,2016-02-11
127,2016-02-12
77,2016-02-13
85,2016-02-14
123,2016-02-15
116,2016-02-16
114,2016-02-17
129,2016-02-18
104,2016-02-19
75,2016-02-20
76,2016-02-21
136,2016-02-22
143,2016-02-23
163,2016-02-24
148,2016-02-25
112,2016-02-26
86,2016-02-27
80,2016-02-28
125,2016-02-29
142,2016-03-01
130,2016-03-02
123,2016-03-03
153,2016-03-04
86,2016-03-05
79,2016-03-06
133,2016-03-07
133,2016-03-08
128,2016-03-09
137,2016-03-10
113,2016-03-11
84,2016-03-12
77,2016-03-13
122,2016-03-14
131,2016-03-15
134,2016-03-16
147,2016-03-17
135,2016-03-18
78,2016-03-19
88,2016-03-20
117,2016-03-21
111,2016-03-22
104,2016-03-23
96,2016-03-24
61,2016-03-25
63,2016-03-26
56,2016-03-27
66,2016-03-28
121,2016-03-29
134,2016-03-30
129,2016-03-31
114,2016-04-01
88,2016-04-02
77,2016-04-03
131,2016-04-04
134,2016-04-05
127,2016-04-06
159,2016-04-07
128,2016-04-08
76,2016-04-09
80,2016-04-10
121,2016-04-11
115,2016-04-12
127,2016-04-13
153,2016-04-14
117,2016-04-15
65,2016-04-16
77,2016-04-17
134,2016-04-18
135,2016-04-19
136,2016-04-20
121,2016-04-21
75,2016-04-22
70,2016-04-23
57,2016-04-24
112,2016-04-25
154,2016-04-26
142,2016-04-27
138,2016-04-28
105,2016-04-29
83,2016-04-30
82,2016-05-01
147,2016-05-02
131,2016-05-03
137,2016-05-04
86,2016-05-05
94,2016-05-06
68,2016-05-07
86,2016-05-08
120,2016-05-09
122,2016-05-10
142,2016-05-11
141,2016-05-12
111,2016-05-13
70,2016-05-14
51,2016-05-15
66,2016-05-16
123,2016-05-17
127,2016-05-18
135,2016-05-19
137,2016-05-20
75,2016-05-21
74,2016-05-22
139,2016-05-23
128,2016-05-24
134,2016-05-25
141,2016-05-26
112,2016-05-27
78,2016-05-28
75,2016-05-29
129,2016-05-30
139,2016-05-31
121,2016-06-01
120,2016-06-02
120,2016-06-03
85,2016-06-04
74,2016-06-05
138,2016-06-06
142,2016-06-07
116,2016-06-08
138,2016-06-09
107,2016-06-10
51,2016-06-11
57,2016-06-12
98,2016-06-13
100,2016-06-14
113,2016-06-15
110,2016-06-16
112,2016-06-17
71,2016-06-18
51,2016-06-19
85,2016-06-20
87,2016-06-21
96,2016-06-22
114,2016-06-23
94,2016-06-24
41,2016-06-25
59,2016-06-26
104,2016-06-27
98,2016-06-28
100,2016-06-29
115,2016-06-30
114,2016-07-01
62,2016-07-02
49,2016-07-03
91,2016-07-04
100,2016-07-05
114,2016-07-06
104,2016-07-07
107,2016-07-08
56,2016-07-09
59,2016-07-10
94,2016-07-11
91,2016-07-12
102,2016-07-13
93,2016-07-14
106,2016-07-15
88,2016-07-16
64,2016-07-17
84,2016-07-18
81,2016-07-19
91,2016-07-20
77,2016-07-21
90,2016-07-22
49,2016-07-23
60,2016-07-24
83,2016-07-25
81,2016-07-26
97,2016-07-27
80,2016-07-28
89,2016-07-29
53,2016-07-30
67,2016-07-31
72,2016-08-01
77,2016-08-02
82,2016-08-03
79,2016-08-04
73,2016-08-05
43,2016-08-06
35,2016-08-07
72,2016-08-08
83,2016-08-09
89,2016-08-10
71,2016-08-11
83,2016-08-12
49,2016-08-13
44,2016-08-14
98,2016-08-15
100,2016-08-16
90,2016-08-17
95,2016-08-18
97,2016-08-19
48,2016-08-20
60,2016-08-21
90,2016-08-22
111,2016-08-23
128,2016-08-24
136,2016-08-25
124,2016-08-26
56,2016-08-27
76,2016-08-28
113,2016-08-29
128,2016-08-30
128,2016-08-31
131,2016-09-01
102,2016-09-02
68,2016-09-03
72,2016-09-04
96,2016-09-05
124,2016-09-06
100,2016-09-07
101,2016-09-08
113,2016-09-09
71,2016-09-10
67,2016-09-11
86,2016-09-12
111,2016-09-13
135,2016-09-14
128,2016-09-15
110,2016-09-16
66,2016-09-17
87,2016-09-18
126,2016-09-19
120,2016-09-20
129,2016-09-21
120,2016-09-22
104,2016-09-23
74,2016-09-24
74,2016-09-25
125,2016-09-26
118,2016-09-27
117,2016-09-28
111,2016-09-29
117,2016-09-30
69,2016-10-01
70,2016-10-02
110,2016-10-03
127,2016-10-04
109,2016-10-05
139,2016-10-06
117,2016-10-07
74,2016-10-08
72,2016-10-09
90,2016-10-10
126,2016-10-11
103,2016-10-12
114,2016-10-13
108,2016-10-14
72,2016-10-15
66,2016-10-16
102,2016-10-17
106,2016-10-18
97,2016-10-19
102,2016-10-20
116,2016-10-21
66,2016-10-22
68,2016-10-23
91,2016-10-24
116,2016-10-25
131,2016-10-26
115,2016-10-27
105,2016-10-28
67,2016-10-29
62,2016-10-30
100,2016-10-31
116,2016-11-01
105,2016-11-02
108,2016-11-03
88,2016-11-04
54,2016-11-05
55,2016-11-06
81,2016-11-07
98,2016-11-08
102,2016-11-09
101,2016-11-10
116,2016-11-11
67,2016-11-12
59,2016-11-13
94,2016-11-14
115,2016-11-15
90,2016-11-16
121,2016-11-17
105,2016-11-18
75,2016-11-19
75,2016-11-20
104,2016-11-21
124,2016-11-22
117,2016-11-23
124,2016-11-24
96,2016-11-25
78,2016-11-26
83,2016-11-27
108,2016-11-28
106,2016-11-29
125,2016-11-30
127,2016-12-01
113,2016-12-02
57,2016-12-03
72,2016-12-04
120,2016-12-05
123,2016-12-06
129,2016-12-07
118,2016-12-08
122,2016-12-09
69,2016-12-10
82,2016-12-11
118,2016-12-12
109,2016-12-13
115,2016-12-14
105,2016-12-15
96,2016-12-16
61,2016-12-17
71,2016-12-18
99,2016-12-19
92,2016-12-20
95,2016-12-21
94,2016-12-22
94,2016-12-23
45,2016-12-24
53,2016-12-25
72,2016-12-26
85,2016-12-27
77,2016-12-28
89,2016-12-29
83,2016-12-30
54,2016-12-31
74,2017-01-01
88,2017-01-02
102,2017-01-03
108,2017-01-04
113,2017-01-05
113,2017-01-06
70,2017-01-07
66,2017-01-08
104,2017-01-09
103,2017-01-10
104,2017-01-11
101,2017-01-12
109,2017-01-13
74,2017-01-14
75,2017-01-15
106,2017-01-16
109,2017-01-17
119,2017-01-18
123,2017-01-19
122,2017-01-20
76,2017-01-21
81,2017-01-22
96,2017-01-23
114,2017-01-24
95,2017-01-25
91,2017-01-26
92,2017-01-27
73,2017-01-28
68,2017-01-29
92,2017-01-30
92,2017-01-31
99,2017-02-01
104,2017-02-02
93,2017-02-03
55,2017-02-04
68,2017-02-05
84,2017-02-06
101,2017-02-07
104,2017-02-08
121,2017-02-09
98,2017-02-10
56,2017-02-11
65,2017-02-12
102,2017-02-13
107,2017-02-14
100,2017-02-15
115,2017-02-16
101,2017-02-17
73,2017-02-18
81,2017-02-19
88,2017-02-20
93,2017-02-21
107,2017-02-22
108,2017-02-23
96,2017-02-24
67,2017-02-25
71,2017-02-26
103,2017-02-27
104,2017-02-28
112,2017-03-01
105,2017-03-02
91,2017-03-03
75,2017-03-04
67,2017-03-05
112,2017-03-06
113,2017-03-07
109,2017-03-08
111,2017-03-09
106,2017-03-10
64,2017-03-11
68,2017-03-12
96,2017-03-13
91,2017-03-14
109,2017-03-15
115,2017-03-16
92,2017-03-17
53,2017-03-18
78,2017-03-19
104,2017-03-20
85,2017-03-21
109,2017-03-22
103,2017-03-23
106,2017-03-24
62,2017-03-25
74,2017-03-26
98,2017-03-27
102,2017-03-28
114,2017-03-29
100,2017-03-30
95,2017-03-31
57,2017-04-01
70,2017-04-02
104,2017-04-03
95,2017-04-04
111,2017-04-05
104,2017-04-06
117,2017-04-07
64,2017-04-08
64,2017-04-09
70,2017-04-10
97,2017-04-11
79,2017-04-12
63,2017-04-13
60,2017-04-14
61,2017-04-15
68,2017-04-16
56,2017-04-17
92,2017-04-18
92,2017-04-19
96,2017-04-20
85,2017-04-21
58,2017-04-22
50,2017-04-23
84,2017-04-24
97,2017-04-25
87,2017-04-26
95,2017-04-27
92,2017-04-28
62,2017-04-29
63,2017-04-30
106,2017-05-01
90,2017-05-02
99,2017-05-03
111,2017-05-04
94,2017-05-05
47,2017-05-06
64,2017-05-07
84,2017-05-08
96,2017-05-09
98,2017-05-10
101,2017-05-11
69,2017-05-12
56,2017-05-13
61,2017-05-14
90,2017-05-15
101,2017-05-16
106,2017-05-17
97,2017-05-18
93,2017-05-19
66,2017-05-20
71,2017-05-21
83,2017-05-22
98,2017-05-23
89,2017-05-24
64,2017-05-25
79,2017-05-26
71,2017-05-27
72,2017-05-28
104,2017-05-29
103,2017-05-30
91,2017-05-31
112,2017-06-01
97,2017-06-02
62,2017-06-03
66,2017-06-04
61,2017-06-05
102,2017-06-06
101,2017-06-07
96,2017-06-08
71,2017-06-09
61,2017-06-10
53,2017-06-11
75,2017-06-12
86,2017-06-13
103,2017-06-14
103,2017-06-15
86,2017-06-16
55,2017-06-17
62,2017-06-18
83,2017-06-19
81,2017-06-20
117,2017-06-21
99,2017-06-22
100,2017-06-23
74,2017-06-24
63,2017-06-25
79,2017-06-26
81,2017-06-27
80,2017-06-28
92,2017-06-29
83,2017-06-30
62,2017-07-01
59,2017-07-02
76,2017-07-03
89,2017-07-04
90,2017-07-05
96,2017-07-06
91,2017-07-07
54,2017-07-08
51,2017-07-09
74,2017-07-10
76,2017-07-11
82,2017-07-12
93,2017-07-13
70,2017-07-14
48,2017-07-15
53,2017-07-16
64,2017-07-17
69,2017-07-18
75,2017-07-19
70,2017-07-20
58,2017-07-21
41,2017-07-22
58,2017-07-23
58,2017-07-24
61,2017-07-25
60,2017-07-26
59,2017-07-27
72,2017-07-28
47,2017-07-29
48,2017-07-30
58,2017-07-31
54,2017-08-01
62,2017-08-02
72,2017-08-03
68,2017-08-04
48,2017-08-05
49,2017-08-06
69,2017-08-07
68,2017-08-08
91,2017-08-09
70,2017-08-10
90,2017-08-11
54,2017-08-12
60,2017-08-13
77,2017-08-14
81,2017-08-15
88,2017-08-16
104,2017-08-17
80,2017-08-18
58,2017-08-19
65,2017-08-20
82,2017-08-21
90,2017-08-22
82,2017-08-23
88,2017-08-24
86,2017-08-25
57,2017-08-26
65,2017-08-27
76,2017-08-28
96,2017-08-29
89,2017-08-30
90,2017-08-31
83,2017-09-01
66,2017-09-02
60,2017-09-03
73,2017-09-04
82,2017-09-05
96,2017-09-06
81,2017-09-07
85,2017-09-08
61,2017-09-09
56,2017-09-10
81,2017-09-11
88,2017-09-12
85,2017-09-13
97,2017-09-14
104,2017-09-15
79,2017-09-16
73,2017-09-17
70,2017-09-18
91,2017-09-19
90,2017-09-20
79,2017-09-21
91,2017-09-22
68,2017-09-23
57,2017-09-24
77,2017-09-25
86,2017-09-26
90,2017-09-27
92,2017-09-28
99,2017-09-29
44,2017-09-30
70,2017-10-01
94,2017-10-02
97,2017-10-03
94,2017-10-04
96,2017-10-05
86,2017-10-06
65,2017-10-07
66,2017-10-08
82,2017-10-09
81,2017-10-10
79,2017-10-11
78,2017-10-12
85,2017-10-13
61,2017-10-14
59,2017-10-15
81,2017-10-16
82,2017-10-17
94,2017-10-18
82,2017-10-19
92,2017-10-20
58,2017-10-21
63,2017-10-22
86,2017-10-23
97,2017-10-24
88,2017-10-25
93,2017-10-26
77,2017-10-27
57,2017-10-28
75,2017-10-29
84,2017-10-30
78,2017-10-31
90,2017-11-01
79,2017-11-02
77,2017-11-03
62,2017-11-04
67,2017-11-05
76,2017-11-06
86,2017-11-07
84,2017-11-08
70,2017-11-09
75,2017-11-10
65,2017-11-11
63,2017-11-12
69,2017-11-13
76,2017-11-14
104,2017-11-15
67,2017-11-16
87,2017-11-17
51,2017-11-18
55,2017-11-19
67,2017-11-20
59,2017-11-21
55,2017-11-22
94,2017-11-23
85,2017-11-24
62,2017-11-25
71,2017-11-26
71,2017-11-27
71,2017-11-28
86,2017-11-29
69,2017-11-30
82,2017-12-01
44,2017-12-02
54,2017-12-03
74,2017-12-04
71,2017-12-05
69,2017-12-06
95,2017-12-07
80,2017-12-08
53,2017-12-09
53,2017-12-10
72,2017-12-11
74,2017-12-12
95,2017-12-13
97,2017-12-14
81,2017-12-15
61,2017-12-16
49,2017-12-17
83,2017-12-18
90,2017-12-19
88,2017-12-20
86,2017-12-21
79,2017-12-22
59,2017-12-23
43,2017-12-24
57,2017-12-25
56,2017-12-26
77,2017-12-27
70,2017-12-28
73,2017-12-29
50,2017-12-30
53,2017-12-31
52,2018-01-01
79,2018-01-02
72,2018-01-03
102,2018-01-04
74,2018-01-05
66,2018-01-06
56,2018-01-07
81,2018-01-08
79,2018-01-09
82,2018-01-10
86,2018-01-11
85,2018-01-12
53,2018-01-13
55,2018-01-14
94,2018-01-15
94,2018-01-16
94,2018-01-17
86,2018-01-18
103,2018-01-19
53,2018-01-20
53,2018-01-21
78,2018-01-22
100,2018-01-23
96,2018-01-24
104,2018-01-25
85,2018-01-26
61,2018-01-27
67,2018-01-28
88,2018-01-29
86,2018-01-30
86,2018-01-31
100,2018-02-01
82,2018-02-02
51,2018-02-03
58,2018-02-04
77,2018-02-05
92,2018-02-06
82,2018-02-07
83,2018-02-08
81,2018-02-09
40,2018-02-10
45,2018-02-11
59,2018-02-12
69,2018-02-13
39,2018-02-14
61,2018-02-15
53,2018-02-16
43,2018-02-17
50,2018-02-18
64,2018-02-19
64,2018-02-20
73,2018-02-21
85,2018-02-22
73,2018-02-23
47,2018-02-24
50,2018-02-25
75,2018-02-26
77,2018-02-27
96,2018-02-28
84,2018-03-01
80,2018-03-02
46,2018-03-03
60,2018-03-04
71,2018-03-05
77,2018-03-06
76,2018-03-07
98,2018-03-08
69,2018-03-09
51,2018-03-10
50,2018-03-11
86,2018-03-12
82,2018-03-13
86,2018-03-14
90,2018-03-15
79,2018-03-16
60,2018-03-17
54,2018-03-18
76,2018-03-19
74,2018-03-20
86,2018-03-21
94,2018-03-22
85,2018-03-23
44,2018-03-24
52,2018-03-25
84,2018-03-26
83,2018-03-27
77,2018-03-28
41,2018-03-29
48,2018-03-30
46,2018-03-31
48,2018-04-01
44,2018-04-02
76,2018-04-03
73,2018-04-04
78,2018-04-05
75,2018-04-06
55,2018-04-07
68,2018-04-08
82,2018-04-09
84,2018-04-10
76,2018-04-11
70,2018-04-12
64,2018-04-13
61,2018-04-14
55,2018-04-15
71,2018-04-16
66,2018-04-17
80,2018-04-18
67,2018-04-19
80,2018-04-20
50,2018-04-21
64,2018-04-22
79,2018-04-23
66,2018-04-24
72,2018-04-25
81,2018-04-26
54,2018-04-27
59,2018-04-28
67,2018-04-29
78,2018-04-30
61,2018-05-01
86,2018-05-02
71,2018-05-03
66,2018-05-04
53,2018-05-05
58,2018-05-06
66,2018-05-07
67,2018-05-08
82,2018-05-09
59,2018-05-10
64,2018-05-11
47,2018-05-12
56,2018-05-13
55,2018-05-14
71,2018-05-15
86,2018-05-16
93,2018-05-17
70,2018-05-18
49,2018-05-19
45,2018-05-20
59,2018-05-21
71,2018-05-22
79,2018-05-23
103,2018-05-24
88,2018-05-25
79,2018-05-26
62,2018-05-27
72,2018-05-28
84,2018-05-29
74,2018-05-30
68,2018-05-31
82,2018-06-01
56,2018-06-02
54,2018-06-03
70,2018-06-04
79,2018-06-05
74,2018-06-06
86,2018-06-07
81,2018-06-08
53,2018-06-09
57,2018-06-10
65,2018-06-11
71,2018-06-12
73,2018-06-13
86,2018-06-14
73,2018-06-15
41,2018-06-16
38,2018-06-17
54,2018-06-18
58,2018-06-19
77,2018-06-20
66,2018-06-21
62,2018-06-22
45,2018-06-23
59,2018-06-24
63,2018-06-25
53,2018-06-26
58,2018-06-27
74,2018-06-28
82,2018-06-29
56,2018-06-30
47,2018-07-01
67,2018-07-02
51,2018-07-03
74,2018-07-04
86,2018-07-05
66,2018-07-06
53,2018-07-07
58,2018-07-08
59,2018-07-09
57,2018-07-10
74,2018-07-11
67,2018-07-12
74,2018-07-13
43,2018-07-14
51,2018-07-15
48,2018-07-16
77,2018-07-17
72,2018-07-18
74,2018-07-19
59,2018-07-20
57,2018-07-21
64,2018-07-22
55,2018-07-23
71,2018-07-24
78,2018-07-25
69,2018-07-26
66,2018-07-27
55,2018-07-28
58,2018-07-29
57,2018-07-30
67,2018-07-31
52,2018-08-01
66,2018-08-02
59,2018-08-03
61,2018-08-04
53,2018-08-05
63,2018-08-06
73,2018-08-07
86,2018-08-08
78,2018-08-09
80,2018-08-10
55,2018-08-11
74,2018-08-12
77,2018-08-13
76,2018-08-14
78,2018-08-15
78,2018-08-16
74,2018-08-17
47,2018-08-18
58,2018-08-19
83,2018-08-20
69,2018-08-21
89,2018-08-22
99,2018-08-23
80,2018-08-24
58,2018-08-25
65,2018-08-26
64,2018-08-27
81,2018-08-28
74,2018-08-29
89,2018-08-30
89,2018-08-31
65,2018-09-01
68,2018-09-02
85,2018-09-03
91,2018-09-04
75,2018-09-05
83,2018-09-06
66,2018-09-07
51,2018-09-08
43,2018-09-09
60,2018-09-10
87,2018-09-11
71,2018-09-12
85,2018-09-13
68,2018-09-14
58,2018-09-15
70,2018-09-16
81,2018-09-17
65,2018-09-18
78,2018-09-19
91,2018-09-20
71,2018-09-21
64,2018-09-22
62,2018-09-23
60,2018-09-24
76,2018-09-25
88,2018-09-26
82,2018-09-27
72,2018-09-28
57,2018-09-29
79,2018-09-30
83,2018-10-01
86,2018-10-02
84,2018-10-03
85,2018-10-04
82,2018-10-05
55,2018-10-06
76,2018-10-07
75,2018-10-08
84,2018-10-09
55,2018-10-10
75,2018-10-11
81,2018-10-12
58,2018-10-13
61,2018-10-14
77,2018-10-15
71,2018-10-16
73,2018-10-17
88,2018-10-18
63,2018-10-19
58,2018-10-20
62,2018-10-21
67,2018-10-22
77,2018-10-23
83,2018-10-24
81,2018-10-25
71,2018-10-26
67,2018-10-27
62,2018-10-28
77,2018-10-29
75,2018-10-30
85,2018-10-31
89,2018-11-01
75,2018-11-02
48,2018-11-03
56,2018-11-04
77,2018-11-05
60,2018-11-06
69,2018-11-07
93,2018-11-08
63,2018-11-09
41,2018-11-10
60,2018-11-11
69,2018-11-12
73,2018-11-13
77,2018-11-14
90,2018-11-15
67,2018-11-16
50,2018-11-17
52,2018-11-18
74,2018-11-19
79,2018-11-20
76,2018-11-21
87,2018-11-22
65,2018-11-23
57,2018-11-24
73,2018-11-25
75,2018-11-26
86,2018-11-27
87,2018-11-28
97,2018-11-29
89,2018-11-30
65,2018-12-01
67,2018-12-02
88,2018-12-03
78,2018-12-04
67,2018-12-05
96,2018-12-06
86,2018-12-07
60,2018-12-08
50,2018-12-09
73,2018-12-10
76,2018-12-11
79,2018-12-12
81,2018-12-13
76,2018-12-14
48,2018-12-15
47,2018-12-16
70,2018-12-17
71,2018-12-18
81,2018-12-19
78,2018-12-20
57,2018-12-21
46,2018-12-22
52,2018-12-23
34,2018-12-24
35,2018-12-25
38,2018-12-26
64,2018-12-27
62,2018-12-28
47,2018-12-29
43,2018-12-30
60,2018-12-31
53,2019-01-01
66,2019-01-02
75,2019-01-03
56,2019-01-04
59,2019-01-05
50,2019-01-06
69,2019-01-07
75,2019-01-08
68,2019-01-09
73,2019-01-10
72,2019-01-11
62,2019-01-12
50,2019-01-13
80,2019-01-14
81,2019-01-15
85,2019-01-16
83,2019-01-17
69,2019-01-18
61,2019-01-19
53,2019-01-20
78,2019-01-21
72,2019-01-22
79,2019-01-23
77,2019-01-24
83,2019-01-25
55,2019-01-26
77,2019-01-27
64,2019-01-28
75,2019-01-29
78,2019-01-30
66,2019-01-31
74,2019-02-01
47,2019-02-02
46,2019-02-03
58,2019-02-04
60,2019-02-05
77,2019-02-06
77,2019-02-07
70,2019-02-08
47,2019-02-09
51,2019-02-10
56,2019-02-11
74,2019-02-12
75,2019-02-13
63,2019-02-14
52,2019-02-15
51,2019-02-16
56,2019-02-17
74,2019-02-18
69,2019-02-19
78,2019-02-20
78,2019-02-21
66,2019-02-22
47,2019-02-23
62,2019-02-24
65,2019-02-25
66,2019-02-26
70,2019-02-27
73,2019-02-28
75,2019-03-01
72,2019-03-02
57,2019-03-03
67,2019-03-04
67,2019-03-05
76,2019-03-06
75,2019-03-07
70,2019-03-08
47,2019-03-09
61,2019-03-10
67,2019-03-11
69,2019-03-12
63,2019-03-13
79,2019-03-14
67,2019-03-15
63,2019-03-16
52,2019-03-17
70,2019-03-18
67,2019-03-19
74,2019-03-20
78,2019-03-21
73,2019-03-22
48,2019-03-23
42,2019-03-24
68,2019-03-25
82,2019-03-26
70,2019-03-27
71,2019-03-28
71,2019-03-29
44,2019-03-30
52,2019-03-31
65,2019-04-01
70,2019-04-02
65,2019-04-03
80,2019-04-04
73,2019-04-05
48,2019-04-06
67,2019-04-07
66,2019-04-08
68,2019-04-09
72,2019-04-10
67,2019-04-11
65,2019-04-12
51,2019-04-13
56,2019-04-14
55,2019-04-15
58,2019-04-16
65,2019-04-17
52,2019-04-18
43,2019-04-19
39,2019-04-20
45,2019-04-21
48,2019-04-22
73,2019-04-23
56,2019-04-24
69,2019-04-25
65,2019-04-26
53,2019-04-27
56,2019-04-28
64,2019-04-29
67,2019-04-30
61,2019-05-01
59,2019-05-02
59,2019-05-03
40,2019-05-04
52,2019-05-05
69,2019-05-06
81,2019-05-07
75,2019-05-08
70,2019-05-09
65,2019-05-10
53,2019-05-11
57,2019-05-12
65,2019-05-13
61,2019-05-14
74,2019-05-15
73,2019-05-16
54,2019-05-17
48,2019-05-18
51,2019-05-19
66,2019-05-20
74,2019-05-21
71,2019-05-22
76,2019-05-23
59,2019-05-24
68,2019-05-25
64,2019-05-26
82,2019-05-27
66,2019-05-28
73,2019-05-29
62,2019-05-30
67,2019-05-31
60,2019-06-01
63,2019-06-02
66,2019-06-03
67,2019-06-04
70,2019-06-05
92,2019-06-06
65,2019-06-07
42,2019-06-08
48,2019-06-09
46,2019-06-10
53,2019-06-11
57,2019-06-12
60,2019-06-13
56,2019-06-14
45,2019-06-15
41,2019-06-16
46,2019-06-17
51,2019-06-18
60,2019-06-19
57,2019-06-20
62,2019-06-21
58,2019-06-22
45,2019-06-23
46,2019-06-24
61,2019-06-25
67,2019-06-26
62,2019-06-27
63,2019-06-28
46,2019-06-29
48,2019-06-30
51,2019-07-01
61,2019-07-02
60,2019-07-03
71,2019-07-04
51,2019-07-05
41,2019-07-06
40,2019-07-07
53,2019-07-08
64,2019-07-09
55,2019-07-10
59,2019-07-11
69,2019-07-12
42,2019-07-13
61,2019-07-14
47,2019-07-15
52,2019-07-16
53,2019-07-17
66,2019-07-18
63,2019-07-19
45,2019-07-20
53,2019-07-21
54,2019-07-22
60,2019-07-23
59,2019-07-24
59,2019-07-25
57,2019-07-26
47,2019-07-27
53,2019-07-28
46,2019-07-29
50,2019-07-30
61,2019-07-31
56,2019-08-01
47,2019-08-02
39,2019-08-03
51,2019-08-04
54,2019-08-05
66,2019-08-06
68,2019-08-07
60,2019-08-08
60,2019-08-09
45,2019-08-10
53,2019-08-11
53,2019-08-12
59,2019-08-13
57,2019-08-14
66,2019-08-15
61,2019-08-16
39,2019-08-17
45,2019-08-18
62,2019-08-19
47,2019-08-20
76,2019-08-21
